file	function	normalized_sha256
source/Cell.cpp	SetIdx	b8fbfdc7e9eb01a694ab6de78309687f0e7b68c77935bc1d9134d41b873912c3
source/Cell.cpp	EvalCenter	409638407bc086d583ff9414976d11e7638cd22746b80b8ba6fc649e39be0115
source/Cell.cpp	FindVerts	7d7355dc054e73e0e20e7f6e5a2ead3750e4132f05937a0362b311d462ddbfc2
source/Cell.cpp	SetTriangles	c8930e0cf30184e1dce6cb3cfd0fbe8b71949ab4aa6ced9decc2d2d2bf6fd643
source/Cell.cpp	GetStatus	8241b8abfbed142bfb2ee195aeb77ad1b0f09b6ce94e61d48f5afe0287e72272
source/Cell.cpp	case36	2eb27ae23f7dc52068f644379a7460ebef6201dba078559e018af0738e5aebe0
source/Cell.cpp	case5	b2a2c531ba7376f0241d287efc7ae7745fc8671265f2361b9a974d0d0a655575
source/Cell.cpp	case48	57aa7f48f2c6b06102bb87918fdfbff152080cc3fe6486f41cbee10a4b6a2fb2
source/Cont2D.cpp	RMDuplicates	840d4d46ead13537b6f3b5eb6295e478abe2960d0b77750fd1b172b78424d585
source/Cont2D.cpp	SortNew	8948eb8c0c7dfca299b7a9d83a2e3f59a31cfa4208226196ce5d2e9a03155279
source/ContourFinder.cpp	FindContourFast	1fa6e1de46a0d6867338a1909a89cfea4e4bfbf13d753b4a909032b31bb7d28e
source/ContourFinder.cpp	FindNextContours	7be4973f46b0a1ad352b1ef87e764442fb441a296304dd3dcf822a3f89b517d9
include/Confind/Cell.hpp	struct vertex	770fb6bf3347cd74d26474c67cd3b30f3a31ae69827443c97e159dc8e2995076
include/Confind/Cell.hpp	struct triangle	7b36a174328275b9868d88cee25226d74faa4039e4133ea9f87d61717f1f54c8
