workers	run	sha256
2	1	927acf72b7a5bf8bd50488484dc58176d3cb252cc39460bfc06692f7849e2ee0
2	2	927acf72b7a5bf8bd50488484dc58176d3cb252cc39460bfc06692f7849e2ee0
2	3	927acf72b7a5bf8bd50488484dc58176d3cb252cc39460bfc06692f7849e2ee0
2	4	927acf72b7a5bf8bd50488484dc58176d3cb252cc39460bfc06692f7849e2ee0
2	5	927acf72b7a5bf8bd50488484dc58176d3cb252cc39460bfc06692f7849e2ee0
2	6	927acf72b7a5bf8bd50488484dc58176d3cb252cc39460bfc06692f7849e2ee0
2	7	927acf72b7a5bf8bd50488484dc58176d3cb252cc39460bfc06692f7849e2ee0
2	8	927acf72b7a5bf8bd50488484dc58176d3cb252cc39460bfc06692f7849e2ee0
2	9	927acf72b7a5bf8bd50488484dc58176d3cb252cc39460bfc06692f7849e2ee0
2	10	927acf72b7a5bf8bd50488484dc58176d3cb252cc39460bfc06692f7849e2ee0
2	11	927acf72b7a5bf8bd50488484dc58176d3cb252cc39460bfc06692f7849e2ee0
2	12	927acf72b7a5bf8bd50488484dc58176d3cb252cc39460bfc06692f7849e2ee0
2	13	927acf72b7a5bf8bd50488484dc58176d3cb252cc39460bfc06692f7849e2ee0
2	14	927acf72b7a5bf8bd50488484dc58176d3cb252cc39460bfc06692f7849e2ee0
2	15	927acf72b7a5bf8bd50488484dc58176d3cb252cc39460bfc06692f7849e2ee0
2	16	927acf72b7a5bf8bd50488484dc58176d3cb252cc39460bfc06692f7849e2ee0
2	17	927acf72b7a5bf8bd50488484dc58176d3cb252cc39460bfc06692f7849e2ee0
2	18	927acf72b7a5bf8bd50488484dc58176d3cb252cc39460bfc06692f7849e2ee0
2	19	927acf72b7a5bf8bd50488484dc58176d3cb252cc39460bfc06692f7849e2ee0
2	20	927acf72b7a5bf8bd50488484dc58176d3cb252cc39460bfc06692f7849e2ee0
3	1	927acf72b7a5bf8bd50488484dc58176d3cb252cc39460bfc06692f7849e2ee0
3	2	927acf72b7a5bf8bd50488484dc58176d3cb252cc39460bfc06692f7849e2ee0
3	3	927acf72b7a5bf8bd50488484dc58176d3cb252cc39460bfc06692f7849e2ee0
3	4	927acf72b7a5bf8bd50488484dc58176d3cb252cc39460bfc06692f7849e2ee0
3	5	927acf72b7a5bf8bd50488484dc58176d3cb252cc39460bfc06692f7849e2ee0
3	6	927acf72b7a5bf8bd50488484dc58176d3cb252cc39460bfc06692f7849e2ee0
3	7	927acf72b7a5bf8bd50488484dc58176d3cb252cc39460bfc06692f7849e2ee0
3	8	927acf72b7a5bf8bd50488484dc58176d3cb252cc39460bfc06692f7849e2ee0
3	9	927acf72b7a5bf8bd50488484dc58176d3cb252cc39460bfc06692f7849e2ee0
3	10	927acf72b7a5bf8bd50488484dc58176d3cb252cc39460bfc06692f7849e2ee0
3	11	927acf72b7a5bf8bd50488484dc58176d3cb252cc39460bfc06692f7849e2ee0
3	12	927acf72b7a5bf8bd50488484dc58176d3cb252cc39460bfc06692f7849e2ee0
3	13	927acf72b7a5bf8bd50488484dc58176d3cb252cc39460bfc06692f7849e2ee0
3	14	927acf72b7a5bf8bd50488484dc58176d3cb252cc39460bfc06692f7849e2ee0
3	15	927acf72b7a5bf8bd50488484dc58176d3cb252cc39460bfc06692f7849e2ee0
3	16	927acf72b7a5bf8bd50488484dc58176d3cb252cc39460bfc06692f7849e2ee0
3	17	927acf72b7a5bf8bd50488484dc58176d3cb252cc39460bfc06692f7849e2ee0
3	18	927acf72b7a5bf8bd50488484dc58176d3cb252cc39460bfc06692f7849e2ee0
3	19	927acf72b7a5bf8bd50488484dc58176d3cb252cc39460bfc06692f7849e2ee0
3	20	927acf72b7a5bf8bd50488484dc58176d3cb252cc39460bfc06692f7849e2ee0
4	1	927acf72b7a5bf8bd50488484dc58176d3cb252cc39460bfc06692f7849e2ee0
4	2	927acf72b7a5bf8bd50488484dc58176d3cb252cc39460bfc06692f7849e2ee0
4	3	927acf72b7a5bf8bd50488484dc58176d3cb252cc39460bfc06692f7849e2ee0
4	4	927acf72b7a5bf8bd50488484dc58176d3cb252cc39460bfc06692f7849e2ee0
4	5	927acf72b7a5bf8bd50488484dc58176d3cb252cc39460bfc06692f7849e2ee0
4	6	927acf72b7a5bf8bd50488484dc58176d3cb252cc39460bfc06692f7849e2ee0
4	7	927acf72b7a5bf8bd50488484dc58176d3cb252cc39460bfc06692f7849e2ee0
4	8	927acf72b7a5bf8bd50488484dc58176d3cb252cc39460bfc06692f7849e2ee0
4	9	927acf72b7a5bf8bd50488484dc58176d3cb252cc39460bfc06692f7849e2ee0
4	10	927acf72b7a5bf8bd50488484dc58176d3cb252cc39460bfc06692f7849e2ee0
4	11	927acf72b7a5bf8bd50488484dc58176d3cb252cc39460bfc06692f7849e2ee0
4	12	927acf72b7a5bf8bd50488484dc58176d3cb252cc39460bfc06692f7849e2ee0
4	13	927acf72b7a5bf8bd50488484dc58176d3cb252cc39460bfc06692f7849e2ee0
4	14	927acf72b7a5bf8bd50488484dc58176d3cb252cc39460bfc06692f7849e2ee0
4	15	927acf72b7a5bf8bd50488484dc58176d3cb252cc39460bfc06692f7849e2ee0
4	16	927acf72b7a5bf8bd50488484dc58176d3cb252cc39460bfc06692f7849e2ee0
4	17	927acf72b7a5bf8bd50488484dc58176d3cb252cc39460bfc06692f7849e2ee0
4	18	927acf72b7a5bf8bd50488484dc58176d3cb252cc39460bfc06692f7849e2ee0
4	19	927acf72b7a5bf8bd50488484dc58176d3cb252cc39460bfc06692f7849e2ee0
4	20	927acf72b7a5bf8bd50488484dc58176d3cb252cc39460bfc06692f7849e2ee0
6	1	927acf72b7a5bf8bd50488484dc58176d3cb252cc39460bfc06692f7849e2ee0
6	2	927acf72b7a5bf8bd50488484dc58176d3cb252cc39460bfc06692f7849e2ee0
6	3	927acf72b7a5bf8bd50488484dc58176d3cb252cc39460bfc06692f7849e2ee0
6	4	927acf72b7a5bf8bd50488484dc58176d3cb252cc39460bfc06692f7849e2ee0
6	5	927acf72b7a5bf8bd50488484dc58176d3cb252cc39460bfc06692f7849e2ee0
6	6	927acf72b7a5bf8bd50488484dc58176d3cb252cc39460bfc06692f7849e2ee0
6	7	927acf72b7a5bf8bd50488484dc58176d3cb252cc39460bfc06692f7849e2ee0
6	8	927acf72b7a5bf8bd50488484dc58176d3cb252cc39460bfc06692f7849e2ee0
6	9	927acf72b7a5bf8bd50488484dc58176d3cb252cc39460bfc06692f7849e2ee0
6	10	927acf72b7a5bf8bd50488484dc58176d3cb252cc39460bfc06692f7849e2ee0
6	11	927acf72b7a5bf8bd50488484dc58176d3cb252cc39460bfc06692f7849e2ee0
6	12	927acf72b7a5bf8bd50488484dc58176d3cb252cc39460bfc06692f7849e2ee0
6	13	927acf72b7a5bf8bd50488484dc58176d3cb252cc39460bfc06692f7849e2ee0
6	14	927acf72b7a5bf8bd50488484dc58176d3cb252cc39460bfc06692f7849e2ee0
6	15	927acf72b7a5bf8bd50488484dc58176d3cb252cc39460bfc06692f7849e2ee0
6	16	927acf72b7a5bf8bd50488484dc58176d3cb252cc39460bfc06692f7849e2ee0
6	17	927acf72b7a5bf8bd50488484dc58176d3cb252cc39460bfc06692f7849e2ee0
6	18	927acf72b7a5bf8bd50488484dc58176d3cb252cc39460bfc06692f7849e2ee0
6	19	927acf72b7a5bf8bd50488484dc58176d3cb252cc39460bfc06692f7849e2ee0
6	20	927acf72b7a5bf8bd50488484dc58176d3cb252cc39460bfc06692f7849e2ee0
8	1	927acf72b7a5bf8bd50488484dc58176d3cb252cc39460bfc06692f7849e2ee0
8	2	927acf72b7a5bf8bd50488484dc58176d3cb252cc39460bfc06692f7849e2ee0
8	3	927acf72b7a5bf8bd50488484dc58176d3cb252cc39460bfc06692f7849e2ee0
8	4	927acf72b7a5bf8bd50488484dc58176d3cb252cc39460bfc06692f7849e2ee0
8	5	927acf72b7a5bf8bd50488484dc58176d3cb252cc39460bfc06692f7849e2ee0
8	6	927acf72b7a5bf8bd50488484dc58176d3cb252cc39460bfc06692f7849e2ee0
8	7	927acf72b7a5bf8bd50488484dc58176d3cb252cc39460bfc06692f7849e2ee0
8	8	927acf72b7a5bf8bd50488484dc58176d3cb252cc39460bfc06692f7849e2ee0
8	9	927acf72b7a5bf8bd50488484dc58176d3cb252cc39460bfc06692f7849e2ee0
8	10	927acf72b7a5bf8bd50488484dc58176d3cb252cc39460bfc06692f7849e2ee0
8	11	927acf72b7a5bf8bd50488484dc58176d3cb252cc39460bfc06692f7849e2ee0
8	12	927acf72b7a5bf8bd50488484dc58176d3cb252cc39460bfc06692f7849e2ee0
8	13	927acf72b7a5bf8bd50488484dc58176d3cb252cc39460bfc06692f7849e2ee0
8	14	927acf72b7a5bf8bd50488484dc58176d3cb252cc39460bfc06692f7849e2ee0
8	15	927acf72b7a5bf8bd50488484dc58176d3cb252cc39460bfc06692f7849e2ee0
8	16	927acf72b7a5bf8bd50488484dc58176d3cb252cc39460bfc06692f7849e2ee0
8	17	927acf72b7a5bf8bd50488484dc58176d3cb252cc39460bfc06692f7849e2ee0
8	18	927acf72b7a5bf8bd50488484dc58176d3cb252cc39460bfc06692f7849e2ee0
8	19	927acf72b7a5bf8bd50488484dc58176d3cb252cc39460bfc06692f7849e2ee0
8	20	927acf72b7a5bf8bd50488484dc58176d3cb252cc39460bfc06692f7849e2ee0
